,"US1MT=RR,Bid Yield, ","US1MT=RR,Volatility,1 个月","US1MT=RR,Volatility,2 个月","US1MT=RR,Volatility,3 个月","US1MT=RR,Volatility,6 个月","US1MT=RR,Volatility,1 年","US1MT=RR,Volatility,23 天数"
2019/10/9,1.682,55.2765924002375,43.3997419819867,38.7628657337803,30.2380415867237,25.0862586799014,55.2765924002375
2019/10/8,1.674,55.2536456573216,43.5128414950562,38.8140601788372,30.2481622526945,25.0963021236923,55.2536456573216
2019/10/7,1.766,53.0330928559218,41.8502135681513,37.5328977890366,29.3955364262362,24.5548056428028,53.0330928559218
2019/10/4,1.764,52.9718042079675,41.8935033756003,37.5490820686427,29.3912502075462,24.5813949380591,52.9718042079675
2019/10/3,1.715,51.5805639259978,41.3826932452728,37.1031958854559,29.0731569638416,24.5030275526077,51.5805639259978
2019/10/2,1.746,51.8954179656853,41.7548485812591,37.1072186612203,29.0047096378879,24.4451022072978,51.8954179656853
2019/10/1,1.802,51.296732963423,42.381168495536,36.8767636708191,28.8596478715218,24.252745619027,51.296732963423
2019/9/30,1.947,44.9454411726095,39.2214914116099,33.685957596027,26.9238417529949,23.0343217705116,44.9454411726095
2019/9/27,1.95,45.0454106631194,39.5326075677189,34.5070512129695,26.9306464769743,23.0338863670127,45.0454106631194
2019/9/26,1.807,35.857695798664,34.5083896536781,30.790006035754,24.5973340593814,21.8425379073514,35.857695798664
2019/9/25,1.835,36.7641281886362,34.8594539590893,30.6790404817263,24.5561965467581,21.7950627187806,36.7641281886362
2019/9/24,1.904,35.0617132398947,33.9634815355612,29.8725949698472,24.1138751861551,21.499865065611,35.0617132398947
2019/9/23,1.96,33.9346991848087,33.427029249175,29.5982002190512,23.8134804068333,21.3119354711967,33.9346991848087
2019/9/20,1.963,33.9389964062149,33.4376141074354,30.1971486958564,23.8221977523637,21.3472352804129,33.9389964062149
2019/9/19,1.95,33.8498785421718,33.3730268999741,30.4553970486164,23.7966957135269,21.5550879265945,33.8498785421718
2019/9/18,1.957,35.7310964420023,33.4664623855736,30.6283622582169,23.8004367826713,21.5536009962422,35.7310964420023
2019/9/17,2.105,25.5854586907329,28.6140545955262,27.2107405194423,21.6229529312815,20.3567120651823,25.5854586907329
2019/9/16,2.098,28.6740793847269,28.8338417488296,27.2030791710918,21.6469520617892,20.3548542383027,28.6740793847269
2019/9/13,1.98,20.971915845641,24.9060712153169,24.9993449838254,19.9868089987014,19.5585784482506,20.971915845641
2019/9/12,2.011,20.4771036457161,24.75802909911,24.8381674376307,19.8946620782874,19.4998132526113,20.4771036457161
2019/9/11,2.018,21.4858922258243,24.7540709924647,25.8746823396154,19.892891350169,19.5000085615274,21.4858922258243
2019/9/10,2.039,21.5406762628108,24.7312440845988,26.0188950325559,19.9257445406117,19.4723545099652,21.5406762628108
2019/9/9,2.052,21.9483918650394,25.01305681435,26.0229983284105,19.9133319921745,19.4616403873717,21.9483918650394
2019/9/6,2.049,22.3460419218745,25.0070884831929,26.1738080272126,19.910183545051,19.4762403133619,22.3460419218745
2019/9/5,2.041,23.4834713980749,25.0588708660325,26.1537467097594,19.8967255786847,19.4767233816018,23.4834713980749
2019/9/4,2.049,24.721608740094,25.239426387603,26.3186025783224,19.9047370169986,19.4953635638233,24.721608740094
2019/9/3,2.067,27.5868058002294,25.3570369308901,26.2857823647988,20.0117214737158,19.4799874460982,27.5868058002294
2019/8/30,2.093,30.4317370572489,25.5562192552955,26.215793540141,19.9499326643435,19.4440797182811,30.4317370572489
2019/8/29,2.069,31.0359159537718,25.3706579576929,26.0919877588239,19.8707709235976,19.4195590081666,31.0359159537718
2019/8/28,2.064,31.1728907266035,26.9103571552998,26.1070317444313,19.8641799726981,19.443952169419,31.1728907266035
2019/8/27,2.075,31.9329939279668,26.8852292482072,26.0987859463377,19.8613224792065,19.4421285520077,31.9329939279668
2019/8/26,2.1,31.846815372656,26.741195950702,26.0541597277844,19.9656010105737,19.4053775133621,31.846815372656
2019/8/23,2.093,32.1469727653484,26.7416657077682,26.1365642108449,19.9770159500101,19.4270184512896,32.1469727653484
2019/8/22,2.051,31.3715392276635,26.6662335940963,25.7559447833928,19.7496038828528,19.3556539755688,31.3715392276635
2019/8/21,2.052,31.3702863152315,27.6284207872146,25.7599814354338,19.7738307008057,19.3559135835192,31.3702863152315
2019/8/20,2.064,31.5014356419801,28.1151271647092,25.7655849493047,19.7665858106209,19.3492739167529,31.5014356419801
2019/8/19,2.065,31.7649692432388,28.4164639414438,25.7751467906122,19.7717201859714,19.3529122358677,31.7649692432388
2019/8/16,2.059,32.0631865172069,28.5855471714698,25.9875794655061,19.7639353337883,19.5339033900381,32.0631865172069
2019/8/15,1.9936,29.7592260417147,27.3141505428801,25.1800993516235,19.2048172249213,19.3630463540296,29.7592260417147
2019/8/14,1.985,29.8164746267995,27.9976789162782,25.1395936220387,19.193796567637,19.3587427574772,29.8164746267995
2019/8/13,2.059,27.5574075397789,26.6627661550908,24.213308524692,18.7242084060049,19.0237910285246,27.5574075397789
2019/8/12,2.08,27.5277204964687,28.0200967421205,24.1715647446114,18.6830221945126,18.9978835794491,27.5277204964687
2019/8/9,2.077,27.9695018626009,28.2710901821377,24.2092148564234,18.6881381409076,18.9998854881842,27.9695018626009
2019/8/8,2.039,26.9701718073884,27.8104906048337,23.8420462553134,18.4976509590101,18.9325497743694,26.9701718073884
2019/8/7,2.016,26.5326815431594,27.8502832219166,23.6804256626318,18.4141448618112,18.9025993192781,26.5326815431594
2019/8/6,2.044,26.8040371300492,27.7237223980478,23.5796738251749,18.354863981763,18.9154035942855,26.8040371300492
2019/8/5,2.07,27.0228133158446,27.8310241544578,23.4963799116045,18.299574596979,18.9561057909592,27.0228133158446
2019/8/2,2.118,26.7832348484593,27.3839286341227,23.2594303798192,18.0446114146772,18.8502776210968,26.7832348484593
2019/8/1,2.072,25.5568026395312,26.7229260825998,22.7509236192036,17.7575813769985,18.7317781928243,25.5568026395312
2019/7/31,1.995,25.2130574429595,24.7740844044353,21.2529632534747,16.8964331146261,18.3678815661917,25.2130574429595
2019/7/30,2.075,21.7298150712529,23.2317724318927,19.9946380182769,16.5391897572368,17.9488119551668,21.7298150712529
2019/7/29,2.121,20.4728982064438,22.7463379518086,19.6895592205464,16.4850781800028,17.8189286098062,20.4728982064438
2019/7/26,2.144,20.1704817089153,22.7019700347967,19.6501626760953,16.4531076368165,17.7846144759656,20.1704817089153
2019/7/25,2.102,20.1298744831039,22.2396354441551,19.1762430691959,16.2014347353492,17.6825708941624,20.1298744831039
2019/7/24,2.082,22.1834267541763,22.0350368147431,19.0324215239907,16.1390879375627,17.6950139341609,22.1834267541763
2019/7/23,2.11,22.998893969819,21.8897892143756,18.9140059121545,16.0521309556649,17.7016070126768,22.998893969819
2019/7/22,2.121,23.6611196604555,21.9033769740095,19.1132205979878,16.0474305393508,17.7603467816964,23.6611196604555
2019/7/19,2.123,24.0868098649325,21.9151138343424,19.1185162195402,16.0481584314206,17.9663343810917,24.0868098649325
2019/7/18,2.105,23.8166234983054,22.1769999012778,18.9990757770047,15.9922420841812,18.0900082459879,23.8166234983054
2019/7/17,2.133,25.0038364037297,22.2641266038739,18.8953128592674,15.9581557708555,18.9214795338632,25.0038364037297
2019/7/16,2.1664,24.4861858306935,22.0440301788657,18.6977308545777,15.8259194506496,18.8531248903696,24.4861858306935
2019/7/15,2.174,27.4627949237753,22.0429166772861,18.7475071834131,15.8253811802491,18.9055556473681,27.4627949237753
2019/7/12,2.161,27.8313408677143,21.9520125265736,18.6915105619077,15.8035610529164,18.9211170509655,27.8313408677143
2019/7/11,2.164,27.8597395451152,22.0376941540244,18.7026413543069,15.8033768000263,18.9367855973852,27.8597395451152
2019/7/10,2.184,28.2370736281266,21.9769130908626,18.6452333062374,16.1853794760496,19.0879220536666,28.2370736281266
2019/7/9,2.223,27.7324988907809,21.6541212062014,18.3665919237732,16.1943462427359,19.0537697814231,27.7324988907809
2019/7/8,2.233,28.1807278158499,21.6517603848425,18.424365678895,16.3471988453775,19.0492411060431,28.1807278158499
2019/7/5,2.258,28.0105639928601,21.5336327938333,18.3166330834827,16.3190766770764,19.0364459500973,28.0105639928601
2019/7/3,2.235,27.7379117787604,21.5223664878304,18.173907042472,17.0448537570373,19.0141335124691,27.7379117787604
2019/7/2,2.212,27.4453054381864,21.3117209565075,18.0217446934176,17.5461335690161,19.001092146235,27.4453054381864
2019/7/1,2.177,26.7973529453624,20.8416374921177,17.7219055627623,17.3898988180652,18.9637532507155,26.7973529453624
2019/6/28,2.182,26.7964103375706,20.8930277275181,18.158858700765,17.3922446530233,18.9908301934628,26.7964103375706
2019/6/27,2.105,23.1351532559167,18.7336973800596,16.7435406466339,16.6114608372598,18.6847851947186,23.1351532559167
2019/6/26,2.103,23.5818601721791,18.793173659806,16.7464567047101,16.9605216180798,18.7053786276153,23.5818601721791
2019/6/25,2.11,23.581321929859,18.8380477941244,16.7691585786124,17.0124226341984,18.8111283812278,23.581321929859
2019/6/24,2.118,23.5786271315258,18.8388871956872,16.8449550986559,17.0457808563926,18.8074356052853,23.5786271315258
2019/6/21,2.161,22.9988294955895,18.377028890459,16.6027456223628,16.8467917720373,18.7742287686824,22.9988294955895
2019/6/20,2.1,19.9757953752487,17.0588276547718,15.416734425596,17.3279238000382,18.7350403790322,19.9757953752487
2019/6/19,2.148,20.2459389703361,16.3751015823618,14.9071773721307,17.0492047976254,18.609068195838,20.2459389703361
2019/6/18,2.187,20.0963515857904,15.9371670869276,14.5708986559069,16.8700325475327,18.5275860595521,20.0963515857904
2019/6/17,2.22,19.743014314933,15.6787035203246,14.3451816175817,16.9241592863841,18.4797127856002,19.743014314933
2019/6/14,2.228,19.7498942008854,15.6763885299045,14.448888634239,16.9575812448372,18.4926315840462,19.7498942008854
2019/6/13,2.176,17.3650633624096,14.4660173002794,13.6592479180776,16.7310785925636,18.6777031691481,17.3650633624096
2019/6/12,2.179,17.6594624069263,14.4850990741155,13.6592342449447,16.7929677993499,18.6826225885834,17.6594624069263
2019/6/11,2.263,13.3905785384742,11.5390144091418,11.5789874067527,16.1658617070603,18.4365574076622,13.3905785384742
2019/6/10,2.304,12.3719273279895,10.8128996898359,11.078105601298,16.0155304981351,18.3950625679192,12.3719273279895
2019/6/7,2.32,12.2840870988478,10.7336431530815,11.2480804992227,15.9950472379938,19.2384813735754,12.2840870988478
2019/6/6,2.291,11.1982179684468,10.365720648161,10.9256805814615,15.897764024338,19.2550954753751,11.1982179684468
2019/6/5,2.301,11.9249979143672,10.3377245168899,10.9081842841054,17.1778014961212,19.2480018004445,11.9249979143672
2019/6/4,2.34,10.7849080047428,9.59240225429453,10.4279969036126,17.0076485430597,19.1860360986546,10.7849080047428
2019/6/3,2.348,10.8023738582894,9.57220061647789,10.4709323852554,17.0854705965616,19.1808566874162,10.8023738582894
2019/5/31,2.363,10.9431553717982,9.64547205383034,10.8693843906295,17.0727816416631,19.2314367486431,10.9431553717982
2019/5/30,2.357,11.1934593322893,10.6577719236713,10.8652501238843,17.3395029194206,19.2617589311544,11.1934593322893
2019/5/29,2.347,11.1857537154739,11.2339277130461,10.831364753801,17.3557281200852,19.2603163814992,11.1857537154739
2019/5/28,2.353,11.2357202492695,11.2968523264554,10.8238775123837,17.3594416764784,19.2700904591673,11.2357202492695
2019/5/24,2.373,11.0039463976604,11.1687674134333,10.7151716106939,17.3231217614504,19.2725091435678,11.0039463976604
2019/5/23,2.35,10.4330975960443,11.0976382179925,11.0822246615321,17.4346149425724,19.2650265745702,10.4330975960443
2019/5/22,2.358,11.3389344484792,11.3323707712996,11.1594021242034,17.4519889287995,19.2594119398317,11.3389344484792
2019/5/21,2.37,11.3185393384954,11.2894659408818,11.1194957812974,17.4631819086034,19.2496957891414,11.3185393384954
2019/5/20,2.386,11.1511907671266,11.2299584220563,11.1600083930639,17.4375051473107,19.2409562224723,11.1511907671266
2019/5/17,2.401,11.0460610470301,11.1518051321806,11.0974307101626,17.4540858936132,19.247211758399,11.0460610470301
2019/5/16,2.365,9.65942676948592,10.5152203337,10.6745648811843,17.3671527018705,19.5726046736996,9.65942676948592
2019/5/15,2.403,8.39534777867051,10.0240515657055,10.2008637979034,17.2819948597697,19.5022148703731,8.39534777867051
2019/5/14,2.414,8.25863497181311,10.144287297018,10.2443770975108,17.2915556099635,19.5332409564486,8.25863497181311
2019/5/13,2.419,8.40005071310154,10.1441424308795,10.2457352558732,17.3324310171782,19.5406464427616,8.40005071310154
2019/5/10,2.432,8.27724425201127,10.1199614922903,10.7339733329024,17.3237193856926,19.7218129208935,8.27724425201127
2019/5/9,2.419,8.1360042282505,10.03762053324,10.7033948000229,17.4138318983856,19.7553040994634,8.1360042282505
2019/5/8,2.424,8.42273013688006,10.3708179923472,10.707692810248,17.4259135390006,19.752889941188,8.42273013688006
2019/5/7,2.424,8.43360473369808,10.3727396914904,10.7851889802282,17.4334214054898,19.7741307734157,8.43360473369808
2019/5/6,2.434,8.3456305295694,10.3413195242944,10.7738179106952,17.5254042689411,19.7803873919418,8.3456305295694
2019/5/3,2.437,8.34567652211516,10.3491972501525,10.8201131120695,17.5682558394624,19.7923738023075,8.34567652211516
2019/5/2,2.413,8.05324006320749,10.1552634517935,10.6749129014573,17.7109552110036,19.8591041810777,8.05324006320749
2019/5/1,2.419,10.1430916870567,10.8159710379163,10.6680740174081,17.707566310727,19.8557891786941,10.1430916870567
2019/4/30,2.429,11.4162966450101,10.7916135552745,10.6565218999487,17.710297562163,19.8485277740754,11.4162966450101
2019/4/29,2.45,11.2371742653256,10.5961349846424,10.5141658710128,17.6797760466124,19.8334344905143,11.2371742653256
2019/4/26,2.434,11.0230898802147,10.4810669202812,11.8040051066836,17.6642778642851,19.8300462144407,11.0230898802147
2019/4/25,2.424,11.3938424338843,10.4448028266432,12.4579176025221,17.8032086521917,19.8289919884799,11.3938424338843
2019/4/24,2.419,11.7867954692003,11.2244251035351,12.5528809409751,17.8035728706041,19.9242667136498,11.7867954692003
2019/4/23,2.429,11.7310846778604,11.3350531863532,12.5537770243638,17.8280756740025,19.9532051175835,11.7310846778604
2019/4/22,2.442,11.6640434779303,11.2568433625817,12.5082266834369,17.8056407630021,19.9469945031743,11.6640434779303
2019/4/18,2.413,10.8964799433178,11.0706499136695,12.3183871910311,17.9592534860715,19.9262276305259,10.8964799433178
2019/4/17,2.424,10.9291188985701,11.0201363714893,12.3128056860269,17.9492334806507,19.9407164817364,10.9291188985701
2019/4/16,2.429,11.2357300196451,11.0186935631747,12.312908537923,17.947394817322,19.9396321626595,11.2357300196451
2019/4/15,2.422,11.4787422101911,10.9972783975355,12.30292455049,17.9452752708356,20.2236543678073,11.4787422101911
2019/4/12,2.424,11.4945600970047,11.1129669157038,12.42151728178,17.9446702354463,20.2721044402656,11.4945600970047
2019/4/11,2.411,11.412683258161,11.0438762783934,12.3783340207688,17.9435172874278,20.3207298402648,11.412683258161
2019/4/10,2.409,11.41081507765,11.801680016749,12.396447157904,17.9638074153908,20.4445929482666,11.41081507765
2019/4/9,2.421,11.9091401738773,11.7581735212366,12.3843303646884,17.9516556169091,20.4554918093073,11.9091401738773
2019/4/8,2.429,11.8599722561089,11.7416832418093,12.3671325048864,17.9420482052875,20.4520118329298,11.8599722561089
2019/4/5,2.437,11.8366388727831,11.8197071310795,13.3410561731163,17.9501557055311,20.5235662819413,11.8366388727831
2019/4/4,2.421,11.6371815602106,11.7485529289589,13.7882806403881,18.3324745430186,20.5264957885617,11.6371815602106
2019/4/3,2.424,11.7949370527886,11.8129442132292,14.2005462801653,18.3298076530557,20.5253193424179,11.7949370527886
2019/4/2,2.429,12.868789755528,11.8359661656178,14.2718326959967,18.3498481917002,20.5269683778038,12.868789755528
2019/4/1,2.432,12.9024289112461,11.8357451400225,15.9693106974535,18.3528386431786,20.5257962522688,12.9024289112461
2019/3/29,2.452,12.6132171159489,11.6799694933971,17.1586903772559,18.403582608281,20.5316105870208,12.6132171159489
2019/3/28,2.408,11.0310244849059,10.8583204952786,16.7785498227657,18.4431530110525,21.2215276717469,11.0310244849059
2019/3/27,2.447,9.62331483975766,12.0729165616524,16.4780750662159,18.2787947889219,21.2504167436044,9.62331483975766
2019/3/26,2.462,10.8111119699969,12.9797214442691,16.4325398210774,18.2559314279345,21.2504348048117,10.8111119699969
2019/3/25,2.457,11.2025460276224,13.139203524144,17.0619992811602,18.2620684425015,21.2511116611252,11.2025460276224
2019/3/22,2.483,10.5101039326354,12.9011286271,16.9885566900306,18.1836062349549,21.2221733069694,10.5101039326354
2019/3/21,2.462,10.6764594110013,12.7664904987859,17.0325163433895,18.3048079298317,21.5049925838172,10.6764594110013
2019/3/20,2.462,10.6755783102687,12.820626895186,17.0895125102541,18.3048830242816,21.5144826703191,10.6755783102687
2019/3/19,2.455,10.6608106180039,12.8598940846737,18.8308423500181,18.3374059931647,21.5292806212638,10.6608106180039
2019/3/18,2.452,10.661339967922,12.8729206870491,18.835311842624,18.3493244414618,21.5412465927488,10.661339967922
2019/3/15,2.465,10.752998888347,12.8030723557966,18.7906070185916,18.4319188208609,21.569190027016,10.752998888347
2019/3/14,2.447,10.5122170200471,12.8526002717581,19.1266511905581,18.8672459083358,23.442751466956,10.5122170200471
2019/3/13,2.429,11.6735953939773,12.7397365449586,19.1714699289321,18.8512206731236,23.4399686386579,11.6735953939773
2019/3/12,2.434,11.7012117429012,12.7580842983754,19.3291034398639,18.9621346731476,23.4497059993636,11.7012117429012
2019/3/11,2.445,11.5787983340126,12.7503791127688,19.4385845116177,18.9421095866908,23.5220694470454,11.5787983340126
2019/3/8,2.45,11.7900926826236,12.7401793915748,19.7499098351902,18.9561451235277,23.8640025103504,11.7900926826236
2019/3/7,2.424,11.3585655682415,13.9243704138437,19.7476891524036,18.925745082965,23.8838090589577,11.3585655682415
2019/3/6,2.426,11.4776727974702,14.6497967580637,19.7547069485675,18.9247656937371,23.9950915450855,11.4776727974702
2019/3/5,2.432,11.4901298201967,15.2248450210125,19.7441940715174,18.917102196544,24.0941760247556,11.4901298201967
2019/3/4,2.437,11.4536288687301,15.3216597864018,21.7303573837464,18.9115381234748,24.1047949076148,11.4536288687301
2019/3/1,2.452,11.2910962213833,17.5434010730266,21.6801634129818,18.8982102119055,24.0900941714046,11.2910962213833
2019/2/28,2.415,10.2062145661874,18.9531071840496,21.670436049994,18.807741427239,24.118715250515,10.2062145661874
2019/2/27,2.422,13.5915707704667,18.9388263288414,21.6851479449826,18.8610015006129,24.1296524291091,13.5915707704667
2019/2/26,2.428,15.3068316631262,18.9469277216521,22.0638506446651,18.8696977121093,24.1325802226083,15.3068316631262
2019/2/25,2.43,15.5686734963313,18.9512012465278,22.1102849081551,18.8840501201468,24.3021906201627,15.5686734963313
2019/2/22,2.425,15.6510488300382,19.7717466187554,22.1180112189575,18.8920685235949,24.4552560618528,15.6510488300382
2019/2/21,2.384,14.5972044636882,19.4646801380314,21.921213457754,18.8082879856349,24.417203309805,14.5972044636882
2019/2/20,2.402,14.4424929684363,19.5033563545159,22.1302467464695,18.7698217454927,24.3997028852474,14.4424929684363
2019/2/19,2.405,14.505539007972,19.5693485072361,22.1568729368247,18.7653203278127,24.4096202982889,14.505539007972
2019/2/15,2.425,14.244554286406,21.7216228578739,22.1074456343455,18.7779191814193,24.758006511067,14.244554286406
2019/2/14,2.422,14.2481914175116,21.729109458964,22.1204096750558,18.8215330744036,29.4900626039405,14.2481914175116
2019/2/13,2.417,14.5205165245687,21.7289429842362,22.2025082522842,18.8215599723366,29.5289548442266,14.5205165245687
2019/2/12,2.417,14.5204110324307,22.2230024780129,22.241701141633,18.821402615233,29.5833619498853,14.5204110324307
2019/2/11,2.433,14.3785391734943,22.2692306926217,22.2760901580012,18.7859582433243,29.5846132968863,14.3785391734943
2019/2/8,2.428,14.4530634679111,22.4702385762942,22.3284236504133,19.209740777411,29.7504871515513,14.4530634679111
2019/2/7,2.387,13.2469758686734,22.3035356094952,22.1929251462941,19.2388177671779,29.7185558187977,13.2469758686734
2019/2/6,2.394,15.7659201943905,22.7079210255466,22.1924042903386,19.229068988419,29.7176779008682,15.7659201943905
2019/2/5,2.387,16.9353091368722,22.8249815117864,22.3371322954885,19.2389326841597,29.7596877195122,16.9353091368722
2019/2/4,2.402,17.7328894262015,22.7690523252132,22.3164432220057,19.2156156845794,29.7842058311726,17.7328894262015
2019/2/1,2.41,17.8991679208395,22.7451149022831,22.3024425204553,19.2122217024309,29.8731726956913,17.8991679208395
2019/1/31,2.397,21.5299879382865,25.2773424132992,22.474580870765,19.2281443222965,29.8763723225314,21.5299879382865
2019/1/30,2.387,24.1450565733822,25.2818725048218,22.547250289532,19.2257445082221,29.8773060545139,24.1450565733822
2019/1/29,2.382,24.130560450381,25.4991533534988,22.8276850065187,19.3287452902242,29.8807657794695,24.130560450381
2019/1/28,2.39,24.130084763516,25.5139945957009,22.8143546850212,19.5104059014757,29.8778807241923,24.130084763516
2019/1/25,2.384,24.1243154710098,25.9971476485979,22.8454457483253,19.594410241658,29.8825768594439,24.1243154710098
2019/1/24,2.318,23.5460372778572,25.2480999163858,22.2354781877665,19.2420111948067,29.774782274138,23.5460372778572
2019/1/23,2.364,22.7969021208654,24.7193524700982,21.8529027913136,19.0149411947414,29.7590628967163,22.7969021208654
2019/1/22,2.382,22.8577660293786,24.647722228727,22.0033289574182,18.9696349170667,29.7691405155068,22.8577660293786
2019/1/18,2.392,22.9198617276588,24.9990088749415,21.9733011910734,18.9700214931443,29.8702680475632,22.9198617276588
2019/1/17,2.387,26.4868315475434,25.0351427868214,22.0260712698014,18.970020591389,30.1846183310206,26.4868315475434
2019/1/16,2.397,26.4197636750188,25.0313516045672,21.9941956311845,18.9511077259986,30.2373525695274,26.4197636750188
2019/1/15,2.407,26.3325115460176,25.0074452205,22.3529157007384,18.9818541309268,30.9297981151742,26.3325115460176
2019/1/14,2.412,27.1492012373675,25.1109209008496,22.3459862687868,19.061902559367,30.9273219319263,27.1492012373675
2019/1/11,2.415,27.3509989459816,25.1423550698301,22.3400048164424,19.209648088127,30.9299862128386,27.3509989459816
2019/1/10,2.394,27.5344200011921,25.203264861247,22.2964679552967,19.6116156572333,30.9574075830661,27.5344200011921
2019/1/9,2.392,27.840751170943,25.2794025033136,22.2962299162155,19.8412733200541,31.108817814436,27.840751170943
2019/1/8,2.4,28.3800334487756,25.3689085762235,22.283310193986,21.344450136433,31.3335559368214,28.3800334487756
2019/1/7,2.41,28.5344024805518,25.3365209532793,22.2740971185129,21.3271699324037,31.3264558911802,28.5344024805518
2019/1/4,2.412,28.5256048420855,25.4908830361487,22.2732507286255,21.4477368213629,31.3707532822327,28.5256048420855
2019/1/3,2.351,27.3429350786628,24.8919466924139,21.7623035234505,21.2249856598894,31.2888810295416,27.3429350786628
2019/1/2,2.394,30.4112242814716,24.4020037031278,21.4338084204087,21.0744242824066,31.3154412380002,30.4112242814716
2018/12/31,2.435,29.607176469359,24.2258503495287,21.7162782966371,21.2614269349509,31.2906164463499,29.607176469359
2018/12/28,2.417,30.0693573084267,24.328233045661,21.694802470631,21.3633339964148,31.3286732309314,30.0693573084267
2018/12/27,2.331,27.9673014125331,23.2183043207641,20.6430311091638,20.8163332783757,31.3323838476765,27.9673014125331
2018/12/26,2.407,26.1220682773669,21.6766422003199,19.4631523531733,20.2940830400394,31.2165362186218,26.1220682773669
2018/12/24,2.407,26.3065600254106,21.7358142718633,19.681926772914,20.2953707642698,31.355469949858,26.3065600254106
2018/12/21,2.415,26.1841959818417,21.766373122523,19.9549119066321,20.2926191111956,31.3698555636875,26.1841959818417
2018/12/20,2.41,26.3096173069608,21.7841179003782,19.9544175173773,20.3215366872073,31.3749809101236,26.3096173069608
2018/12/19,2.354,26.2442724527344,21.4565570492647,19.5415949883799,20.1715463381809,31.3276398124683,26.2442724527344
2018/12/18,2.333,26.200152738045,21.3880116378951,19.5046601034713,20.1673622454046,31.3449023198761,26.200152738045
2018/12/17,2.354,25.959740335473,21.2901137504767,19.3763903541798,20.1606116584555,31.3445256203295,25.959740335473
2018/12/14,2.369,25.8258465449065,21.1851715448925,19.5360697942738,20.3023026676265,31.4848353671419,25.8258465449065
2018/12/13,2.275,22.5976640464458,19.6211997048837,18.0110312416687,19.5810793236475,31.5976432356058,22.5976640464458
2018/12/12,2.277,22.7050463399004,19.6287549438519,18.0784180234681,19.7504226978764,31.7280363307944,22.7050463399004
2018/12/11,2.275,22.9626117166429,19.6347389397144,18.1072187497628,20.0325341801915,31.7280050594183,22.9626117166429
2018/12/10,2.316,22.1081627538045,19.0551438368123,17.9021736943708,19.8567550361415,31.7058904785072,22.1081627538045
2018/12/7,2.336,22.0853017140018,18.8837383588089,18.6459844060511,19.8118496569208,32.7079772571254,22.0853017140018
2018/12/6,2.305,21.7927139772503,18.6895769609276,18.5266626037058,19.7971644175794,32.6920971454927,21.7927139772503
2018/12/4,2.33,21.6649989627569,18.4684977163181,18.6084516039602,19.7593668953878,32.6726589740005,21.6649989627569
2018/12/3,2.287,21.1326839233651,18.02675811325,18.3303524708866,20.1847811250537,32.6589441947114,21.1326839233651
2018/11/30,2.307,20.8008672320388,17.8359248356197,18.2261113119813,20.1309869842957,32.6436537923504,20.8008672320388
2018/11/29,2.298,21.4299013709726,17.9061947467573,18.2572422058425,20.4373926590878,32.6619251096627,21.4299013709726
2018/11/28,2.298,21.6901145712892,18.9995153779721,18.2513734754386,20.5491297549647,32.6668664651406,21.6901145712892
2018/11/27,2.193,16.4068712589123,15.5242682074683,15.9431376552202,21.1285427949157,32.3794673843286,16.4068712589123
2018/11/26,2.195,16.4123251961366,15.5975655958422,15.9387346744563,21.2262230286131,32.4211593610555,16.4123251961366
2018/11/23,2.221,15.9633048301671,15.248786840975,15.7397356502115,21.1360738144322,32.3957061053761,15.9633048301671
2018/11/21,2.231,15.9848709829523,15.5643127528063,15.6852107795024,21.1616267747362,32.4184417868598,15.9848709829523
2018/11/20,2.182,14.1674783943944,15.413900405642,15.3354946817085,20.9752292330492,32.3649074987082,14.1674783943944
2018/11/19,2.195,15.1142766820425,15.2909258549952,15.3026869431035,21.0545008375793,32.3601536217558,15.1142766820425
2018/11/16,2.185,15.0676954520562,15.3181960091759,15.3393439928013,21.1170054124428,32.359767418396,15.0676954520562
2018/11/15,2.193,15.2539159502999,15.2715647699231,15.3187032107174,21.1017434812323,32.4901932174217,15.2539159502999
2018/11/14,2.229,14.0035146194515,14.5862036325617,14.9603803618042,20.9734260246923,32.9253140218126,14.0035146194515
2018/11/13,2.213,15.4997652579124,15.0318316874527,14.9397798010035,21.0195193518962,32.9854492840442,15.4997652579124
2018/11/9,2.196,15.363059511303,14.9836015588883,14.9002426521956,21.019695598677,33.0737364287438,15.363059511303
2018/11/8,2.201,15.3501369368072,15.088208178138,15.0529904405326,21.0110279493592,33.103929521685,15.3501369368072
2018/11/7,2.219,15.0269050053014,14.9200145475218,15.0098875218368,20.9613037582441,33.1107840742835,15.0269050053014
2018/11/6,2.201,14.8462098711276,15.3054801440008,14.9661427055209,20.9636685784263,33.1083459951075,14.8462098711276
2018/11/5,2.175,14.4452832183065,16.6655528385828,14.8444339100149,20.963407147033,33.0991792837006,14.4452832183065
2018/11/2,2.188,14.392947392274,16.5278677710473,14.7582812341891,21.59393740716,33.0886486336761,14.392947392274
2018/11/1,2.206,14.0446547418037,16.7804308200522,15.7147003756498,21.5566716532662,33.0736921903023,14.0446547418037
2018/10/31,2.194,13.9920785972789,16.7693590465997,16.0492745705135,21.6165324798868,33.0984266646599,13.9920785972789
2018/10/30,2.163,13.4537285179592,16.5823778153408,15.8723216910956,21.5770384382764,33.3538319166147,13.4537285179592
2018/10/29,2.173,16.0516865124388,16.5419417054012,15.8374221134645,21.9257147220828,33.3810632685061,16.0516865124388
2018/10/26,2.163,16.0329164998542,16.5373437571177,15.8589365510891,21.9974189288617,33.3885402816817,16.0329164998542
2018/10/25,2.191,15.2571977885327,16.1059970904929,15.600810151727,21.8978518508971,33.5315435710807,15.2571977885327
2018/10/24,2.209,14.7464547207806,15.8927914163907,15.5047099642234,21.8831489368265,33.8174696354628,14.7464547207806
2018/10/23,2.167,14.6508062383243,15.4332698439622,15.1361136940967,21.783117789246,33.7805461352582,14.6508062383243
2018/10/22,2.17,15.7159329528053,15.4021909216351,15.3646208002352,21.8072350886712,,15.7159329528053
2018/10/19,2.18,15.4797229144887,15.5828434512784,15.8225364546614,21.9303064450297,,15.4797229144887
2018/10/18,2.191,15.3388145108876,15.5571150997325,15.9811445296085,21.9066637196928,,15.3388145108876
2018/10/17,2.194,15.2398954190489,15.6153258638613,15.9655693245303,21.9029902449787,,15.2398954190489
2018/10/16,2.157,14.6069372843735,15.2301362048045,15.7011206051729,21.8274193208878,,14.6069372843735
2018/10/15,2.152,15.4065563253228,15.3492884806252,15.7014345716777,21.830817643691,,15.4065563253228
2018/10/12,2.132,15.2944771175089,15.2741321048581,15.6833772725366,21.8093655221308,,15.2944771175089
2018/10/11,2.13,15.6162982242465,15.2687836570362,15.6822847858767,21.9933418227773,,15.6162982242465
2018/10/10,2.171,13.7647474128881,14.6111123531756,15.1011744752981,21.867821227727,,13.7647474128881
2018/10/9,2.162,14.8321008998863,14.7412082446088,15.2148300898944,21.8728514721484,,14.8321008998863
2018/10/5,2.155,17.4167109151281,14.7450093378303,15.4253774649348,21.886162054391,,17.4167109151281
2018/10/4,2.153,17.3854425436944,14.7374233766218,15.819643117401,21.9330105889051,,17.3854425436944
2018/10/3,2.148,18.3736204077991,14.7393129220275,16.8597583872062,21.935221184568,,18.3736204077991
2018/10/2,2.137,18.3864393010186,16.3953286561411,17.3798517473285,22.4356422139121,,18.3864393010186
2018/10/1,2.122,18.413832490488,16.838904132189,20.6548391422755,22.5224890911627,,18.413832490488
2018/9/28,2.112,18.5432977349596,16.8418933794802,20.6597118111195,22.620179963472,,18.5432977349596
2018/9/27,2.107,18.5390169389038,16.8677092754332,20.9323655147463,22.8522454423178,,18.5390169389038
2018/9/26,2.117,18.3601945730968,16.8209261178187,20.931987703895,22.8685559821586,,18.3601945730968
2018/9/25,2.058,16.3235336758517,15.6150676574211,20.3866992688915,22.5651808963233,,16.3235336758517
2018/9/24,2.053,16.4204798074229,15.6955747669483,21.1199513231278,22.7073008378361,,16.4204798074229
2018/9/21,2.036,16.318606253259,15.6196068640941,21.2982784554479,22.7036011342312,,16.318606253259
2018/9/20,2.026,16.7677575931863,15.9804770805333,21.2921735666595,22.6991728511655,,16.7677575931863
2018/9/19,2.051,16.1797791957256,16.3276970625595,21.1810834317744,22.6259717689009,,16.1797791957256
2018/9/18,2.01,15.0762533324288,15.9962616524462,20.8593519309255,22.4726473359672,,15.0762533324288
2018/9/17,2.005,15.140765379014,16.000049417684,20.8885821352849,22.5218208380933,,15.140765379014
2018/9/14,2.01,15.3536694583261,15.9993385900027,20.9379098103036,23.8884678283923,,15.3536694583261
2018/9/13,2,15.3591289751908,15.9789569317438,21.0564773007217,24.0616498814692,,15.3591289751908
2018/9/12,2,15.3440536080998,16.0353561797629,21.0966890506593,24.0843135995636,,15.3440536080998
2018/9/11,1.964,14.7483157120943,15.4861204726493,20.9222638549448,23.9765550456845,,14.7483157120943
2018/9/10,1.957,15.0999103231439,15.4736666059787,21.2892106359367,23.9851950092812,,15.0999103231439
2018/9/7,1.969,14.8826487202502,15.5902539599615,21.2437004682813,24.4799231402052,,14.8826487202502
2018/9/6,1.975,14.8089839399688,15.9034554942902,21.5354395251888,24.4864950578511,,14.8089839399688
2018/9/5,2,13.9481643875239,16.0563339944809,21.8828692884575,24.4228581361286,,13.9481643875239
2018/9/4,1.939,13.5838870346504,15.8576298929311,21.1343802221624,24.1098012644715,,13.5838870346504
2018/8/31,1.934,14.9155574586302,16.7984285290762,21.1653832471742,24.1821258277137,,14.9155574586302
2018/8/30,1.96,14.0946586861618,21.5043712918182,21.0296464006369,27.3866702477413,,14.0946586861618
2018/8/29,1.957,14.1895390909296,21.5117747362471,21.1091596416728,27.3894717718606,,14.1895390909296
2018/8/28,1.941,14.0654020100686,21.8314483531553,22.1413022862485,27.4054297720575,,14.0654020100686
2018/8/27,1.9465,14.0594391261941,21.8863948876044,22.1313993256321,27.5281815353497,,14.0594391261941
2018/8/24,1.939,14.2433544139295,22.0048403181147,22.6810129879657,28.1374042217587,,14.2433544139295
2018/8/23,1.939,14.2418585929056,22.9900328966335,22.874739335297,28.190204986015,,14.2418585929056
2018/8/22,1.9394,15.0278170469977,23.2736144385494,25.5363565760962,28.3721670640217,,15.0278170469977
2018/8/21,1.924,16.2492832299755,23.2214610856421,25.6882303023019,28.5315398810137,,16.2492832299755
2018/8/20,1.916,16.695375106824,23.3203885260621,25.685720903722,28.5595545786362,,16.695375106824
2018/8/17,1.934,16.3699792977441,23.1796345626274,25.6593202251156,28.507259187178,,16.3699792977441
2018/8/16,1.942,16.3335237039613,23.1805160425506,25.6315392779051,28.6033419983173,,16.3335237039613
2018/8/15,1.95,16.2280400643143,23.2228328659321,25.7726958724728,28.6099368464502,,16.2280400643143
2018/8/14,1.939,16.2781233916228,23.3807207542338,25.8794140421764,28.6235573422971,,16.2781233916228
2018/8/13,1.919,15.9685051227187,23.3395980268728,25.8297073895861,28.907453334166,,15.9685051227187
2018/8/10,1.909,15.8989539554491,23.4407925195208,25.8743373689041,29.1723726212897,,15.8989539554491
2018/8/9,1.904,16.3109944290656,23.9337840069562,25.9664107531349,29.1846117191287,,16.3109944290656
2018/8/8,1.922,16.5322395316152,23.7924028393426,25.8903146251211,29.1391764464002,,16.5322395316152
2018/8/7,1.901,17.1835955801445,24.0966809049339,25.8298862920396,29.1367565822869,,17.1835955801445
2018/8/6,1.898,19.5300620722164,24.8224206787266,25.8304434544767,29.7656572908906,,19.5300620722164
2018/8/3,1.891,21.008463866834,24.873180672693,25.8577387313469,37.4559694368493,,21.008463866834
2018/8/2,1.883,28.4491292435511,24.9040811597462,25.924067482703,37.5231245052459,,28.4491292435511
2018/8/1,1.934,26.5679759611007,23.9945168946196,26.3687851590522,37.3671509307377,,26.5679759611007
2018/7/31,1.898,26.7193103873905,23.756603024878,26.1941380132518,37.3257476296562,,26.7193103873905
2018/7/30,1.898,26.8129135869645,25.1440009095499,26.2938042933227,37.6010929263788,,26.8129135869645
2018/7/27,1.886,27.0069303976598,25.1403608030512,26.3263756660324,37.6012130596764,,27.0069303976598
2018/7/26,1.891,28.5293785455551,25.8587694179075,26.9254514025597,37.6004980475837,,28.5293785455551
2018/7/25,1.896,28.9415257036603,26.1020101140318,27.0322208648189,37.6649272858295,,28.9415257036603
2018/7/24,1.88,28.8455899422855,29.497242710783,27.0014425024371,37.7213066543657,,28.8455899422855
2018/7/23,1.875,29.0126996223772,29.7413343392903,27.0597909254922,37.8782177147364,,29.0126996223772
2018/7/20,1.845,28.5511311309666,29.5546830267591,26.9551334899239,37.8401698656776,,28.5511311309666
2018/7/19,1.878,27.9148382540085,29.2448751980176,26.7169780351597,37.7328322369649,,27.9148382540085
2018/7/18,1.899,27.6902960775978,29.0547142548279,26.8253912411496,37.6887515775981,,27.6902960775978
2018/7/17,1.893,27.993036363931,29.2677369021289,26.8252769925121,37.6914626924302,,27.993036363931
2018/7/16,1.883,28.0526752808558,29.4271619140543,26.8225688817942,37.6960137808722,,28.0526752808558
2018/7/13,1.878,28.2589270515189,29.4271389664256,26.8600190969706,37.6962253355626,,28.2589270515189
2018/7/12,1.886,28.9077698018697,29.4556749644277,26.834207899321,37.7764795810824,,28.9077698018697
2018/7/11,1.883,28.9420689777925,29.592280558558,26.8377209586581,37.8226608915609,,28.9420689777925
2018/7/10,1.88,29.6372056006058,29.6173920735357,27.1446153559881,38.002151242855,,29.6372056006058
2018/7/9,1.858,30.5311347881956,29.5341547298251,27.1874020463172,38.4691266536382,,30.5311347881956
2018/7/6,1.83,30.2893244996371,29.3665106570151,27.0645325009198,38.5315169805402,,30.2893244996371
2018/7/5,1.858,29.7366464401879,29.0954848162496,26.8765053226607,39.5354932906014,,29.7366464401879
2018/7/3,1.909,28.1275403895168,28.2831682685591,26.3271049337305,39.3031007010688,,28.1275403895168
2018/7/2,1.865,27.5281096909383,29.2732629791791,25.9767095740749,39.2123854288273,,27.5281096909383
2018/6/29,1.759,22.8848471645043,25.9050519837916,24.322816524147,38.4931589423063,,22.8848471645043
2018/6/28,1.759,22.9222811810095,26.0732921416152,24.4834171226401,38.7445754145771,,22.9222811810095
2018/6/27,1.784,23.7846176916389,25.8233145429097,24.4639970237414,39.0514123965119,,23.7846176916389
2018/6/26,1.766,24.0619004655553,26.6658642866832,24.7956147150369,39.0382317256831,,24.0619004655553
2018/6/25,1.779,30.6863088980419,26.7492490571938,24.8222717896588,39.0891940537808,,30.6863088980419
2018/6/22,1.825,29.5767908980747,25.8996171351815,24.2515941198368,38.887144982713,,29.5767908980747
2018/6/21,1.85,28.9579084990066,25.6840281631259,24.3319121167584,38.9598848329761,,28.9579084990066
2018/6/20,1.843,29.2458023697107,25.769428547706,24.3599218373614,39.0215054200426,,29.2458023697107
2018/6/19,1.824,29.1918218683627,25.773648857479,24.2933284912952,39.0716265311522,,29.1918218683627
2018/6/18,1.825,29.502352016223,26.1247248091199,24.3049123155178,39.3440151541517,,29.502352016223
2018/6/15,1.812,29.8459930185424,26.1004824634393,24.2757690715831,39.4504855332311,,29.8459930185424
2018/6/14,1.794,29.766409029214,26.0400106807699,24.2948388366979,39.6747196577806,,29.766409029214
2018/6/13,1.812,29.5905410374997,25.9256037685267,26.7494476703409,39.6660373159524,,29.5905410374997
2018/6/12,1.797,29.8225854438639,25.8917412394214,27.0358112391971,39.6667720784187,,29.8225854438639
2018/6/11,1.812,29.6102313879073,25.76553814457,26.9947899936931,39.6591237580501,,29.6102313879073
2018/6/8,1.774,28.9741450965609,25.8154993048038,26.7280050535207,39.614466175753,,28.9741450965609
2018/6/7,1.777,28.9356769442961,25.9777374843712,26.7379275591495,39.6457420387986,,28.9356769442961
2018/6/6,1.807,28.2535988292998,25.6081881518114,27.3891492256917,39.8005311259343,,28.2535988292998
2018/6/5,1.761,27.3734600293149,24.9412411617045,27.0226251423369,40.191990147376,,27.3734600293149
2018/6/4,1.746,30.0847488646033,24.9771818632633,27.0377990636762,40.4065830893184,,30.0847488646033
2018/6/1,1.733,30.1192560271391,24.9368909694164,27.0647212752247,40.4026088542873,,30.1192560271391
2018/5/31,1.746,30.12737350715,26.2455692921388,27.1318069503028,40.4469465161179,,30.12737350715
2018/5/30,1.759,30.0344860622583,26.3923915115312,32.7383045975071,42.0054944295053,,30.0344860622583
2018/5/29,1.697,29.4995437783217,25.2190747668232,32.1011065651278,41.7639913619803,,29.4995437783217
2018/5/25,1.687,29.7112841866506,25.7264344247291,32.1497083419057,41.7792960514008,,29.7112841866506
2018/5/24,1.726,28.6010766478613,25.2281445203153,31.9272141291915,41.6536225426431,,28.6010766478613
2018/5/23,1.749,28.2833634032859,25.0062276336803,32.8664223282851,41.5955369532255,,28.2833634032859
2018/5/22,1.649,20.61465750223,20.8562632331631,31.0163636625327,40.8928183359001,,20.61465750223
2018/5/21,1.67,20.2698882908317,20.7400479808954,31.1856479592015,40.8383394379055,,20.2698882908317
2018/5/18,1.665,21.3046697428164,20.7243326602049,31.4762185676628,40.8383825703663,,21.3046697428164
2018/5/17,1.678,21.1049980439946,20.6533385481039,31.4534557473914,40.8839294548619,,21.1049980439946
2018/5/16,1.678,21.1049980439946,20.6533385481039,31.44554258316,40.8891413002352,,21.1049980439946
2018/5/15,1.649,20.4319562027163,20.2943792271968,31.5486409558398,40.8882021893654,,20.4319562027163
2018/5/14,1.665,20.1846423461034,24.7222210421955,31.4769744192225,40.8475833489089,,20.1846423461034
2018/5/11,1.66,20.1740790191218,25.277360958373,31.5119045949859,40.856160605878,,20.1740790191218
2018/5/10,1.67,21.0370898731575,25.2926277746003,32.0359318308013,40.8329479240326,,21.0370898731575
2018/5/9,1.685,21.1386966378568,25.162582754983,32.4541634389682,41.0265045131516,,21.1386966378568
2018/5/8,1.672,21.0746036384295,25.1454943304066,32.4659177192081,41.782004757506,,21.0746036384295
2018/5/7,1.67,21.1064456223217,26.6279746770614,32.4691946462446,41.8696625561278,,21.1064456223217
2018/5/4,1.665,21.2500518423071,26.6713962010191,32.5132280188689,42.0274163199686,,21.2500518423071
2018/5/3,1.672,21.2667253729209,26.6809637376182,33.6354202369379,42.0735679155062,,21.2667253729209
2018/5/2,1.685,24.1753858623776,26.6310144462646,46.5445156997678,42.0876115394088,,24.1753858623776
2018/5/1,1.619,20.6646076381,25.2007092020591,46.1258526761824,41.7859662817912,,20.6646076381
2018/4/30,1.624,21.0777064638641,33.8578453520963,46.2248794670752,41.7773494809468,,21.0777064638641
2018/4/27,1.601,21.4117009301326,33.7653092844571,46.2094521503617,41.7547173202799,,21.4117009301326
2018/4/26,1.609,21.8338737203591,33.7795173088915,46.6519819302228,41.7411154145389,,21.8338737203591
2018/4/25,1.652,20.1962317950235,33.2216733759127,46.2519576875214,41.5711204832649,,20.1962317950235
2018/4/24,1.67,20.6146115652165,34.6720593279845,46.1707471070306,41.9373211074771,,20.6146115652165
2018/4/23,1.665,20.771594762357,34.771809202397,46.3099529076168,42.0037904144064,,20.771594762357
2018/4/20,1.647,20.3893027611349,35.1234416566102,46.411030691602,42.0025613625056,,20.3893027611349
2018/4/19,1.657,20.329138658351,35.3485785612067,46.6482260977276,42.2848710639677,,20.329138658351
2018/4/18,1.667,20.256001615711,35.3505411135625,46.6272311077586,42.7683660632078,,20.256001615711
2018/4/17,1.634,19.1166219390254,35.1764575882269,46.5136152726639,42.7102968969126,,19.1166219390254
2018/4/16,1.629,27.6525682920089,35.5166521259235,46.5279077420918,,,27.6525682920089
2018/4/13,1.629,28.6065823617708,35.5321802649138,46.5256948116992,,,28.6065823617708
2018/4/12,1.637,28.6429540139607,35.5147764174929,46.5015755826492,,,28.6429540139607
2018/4/11,1.629,28.6322795188365,36.3474293822404,46.5009953008258,,,28.6322795188365
2018/4/10,1.629,28.6747419317933,37.0453372926067,46.6360870414245,,,28.6747419317933
2018/4/9,1.659,30.1657520571788,36.6927739520328,46.5104413246519,,,30.1657520571788
2018/4/6,1.677,29.7505497510493,36.5238296875536,46.7387863435047,,,29.7505497510493
2018/4/5,1.667,29.7977531609218,36.6009014435603,47.4926849375821,,,29.7977531609218
2018/4/4,1.673,29.863516657901,38.1677827090334,47.655995227803,,,29.863516657901
2018/4/3,1.687,30.0340980620178,54.5269473316672,49.2683078308081,,,30.0340980620178
2018/4/2,1.68,42.3884463135602,54.7375266362608,49.2801664465624,,,42.3884463135602
2018/3/29,1.621,41.3593462285582,54.3828741535917,48.9077287248849,,,41.3593462285582
2018/3/28,1.642,41.0260473743719,54.1880081600392,48.829656466231,,,41.0260473743719
2018/3/27,1.664,40.6053243492305,54.6797045810552,49.1532482155486,,,40.6053243492305
2018/3/26,1.7,42.4813542274531,54.2367415626822,49.5480883011132,,,42.4813542274531
2018/3/23,1.682,42.5322989250473,54.2802332128866,49.5383784022408,,,42.5322989250473
2018/3/22,1.675,42.8623762756356,54.5043074119723,49.6917283140984,,,42.8623762756356
2018/3/21,1.703,42.1345166284767,54.4111408093537,49.516035178427,,,42.1345166284767
2018/3/20,1.69,42.5272782980123,54.8398981593164,49.7065159636932,,,42.5272782980123
2018/3/19,1.69,42.4661131771322,54.864863446546,49.8196221273184,,,42.4661131771322
2018/3/16,1.695,43.1164967728875,54.8212138263534,49.868593973658,,,43.1164967728875
2018/3/15,1.695,42.960986854594,54.8393720573952,50.2361277489504,,,42.960986854594
2018/3/14,1.711,42.6946930931292,54.7057205050382,50.2715733466106,,,42.6946930931292
2018/3/13,1.614,41.2377772641148,53.1721602500541,49.604895128614,,,41.2377772641148
2018/3/12,1.578,42.2965018467876,52.9989069825487,49.5541621773166,,,42.2965018467876
2018/3/9,1.563,42.3764850910166,53.1523230191045,49.5508265248153,,,42.3764850910166
2018/3/8,1.563,42.3764850910166,53.2697588832089,49.5750372914254,,,42.3764850910166
2018/3/7,1.568,42.4402081513162,53.6747106154635,49.5875107641036,,,42.4402081513162
2018/3/6,1.51,43.464705409466,54.0430670863831,49.2265212272821,,,43.464705409466
2018/3/5,1.497,69.397958051561,54.278651402155,49.6554645875864,,,69.397958051561
2018/3/2,1.482,69.7396845519372,56.4995681311021,50.4500788564733,,,69.7396845519372
2018/3/1,1.49,69.7397471149536,56.4531654722069,50.7919617255626,,,69.7397471149536
2018/2/28,1.507,69.4136336899119,56.3025214736506,50.695585450585,,,69.4136336899119
2018/2/27,1.37,63.7595198731929,51.8655949437515,47.388286523399,,,63.7595198731929
2018/2/26,1.362,63.7617017082321,52.455578587343,50.1297423396417,,,63.7617017082321
2018/2/23,1.37,63.7110215877593,53.2647013817296,50.0914050595477,,,63.7110215877593
2018/2/22,1.34,63.6502934622732,53.0449924220666,49.9875768347178,,,63.6502934622732
2018/2/21,1.393,62.2759635691965,52.2420058784639,49.3248735294726,,,62.2759635691965
2018/2/20,1.372,62.6909768608872,52.1542070613894,49.292565435535,,,62.6909768608872
2018/2/16,1.337,62.1654993967808,52.186711942771,49.1375811569403,,,62.1654993967808
2018/2/15,1.304,61.6296112282437,52.0004910144229,48.9643637712472,,,61.6296112282437
2018/2/14,1.312,61.599158328131,52.1342972868035,48.9268517292659,,,61.599158328131
2018/2/13,1.309,61.6275396973551,52.7972938776347,49.0539055734992,,,61.6275396973551
2018/2/12,1.329,61.4336992079873,52.8562582905088,48.9265143721012,,,61.4336992079873
2018/2/9,1.314,61.3438338640521,53.3484226553122,48.9779349940105,,,61.3438338640521
2018/2/8,1.319,61.7075678457661,53.3976356635388,48.957549430357,,,61.7075678457661
2018/2/7,1.355,61.0526698989111,52.8993611414275,48.5722201778341,,,61.0526698989111
2018/2/6,1.39,60.9430026833728,52.4538327686158,48.1955510042755,,,60.9430026833728
2018/2/5,1.395,62.5604772072899,52.4730509827019,48.591579377785,,,62.5604772072899
2018/2/2,1.395,62.9636057133357,52.5676524541834,49.8278061715407,,,62.9636057133357
2018/2/1,1.403,66.3487882921321,53.1347987046721,49.905026303645,,,66.3487882921321
2018/1/31,1.462,64.2439181013058,52.9976448132566,49.3148473463242,,,64.2439181013058
2018/1/30,1.24,35.2775240945018,36.3237345857043,37.7163447464333,,,35.2775240945018
2018/1/29,1.256,35.1737842034636,36.1427523999431,37.6724201256707,,,35.1737842034636
2018/1/26,1.23,36.2173916608592,36.0536193334993,37.5156155490965,,,36.2173916608592
2018/1/25,1.215,38.0730943378576,41.2895013062129,37.4796199839624,,,38.0730943378576
2018/1/24,1.251,36.7378533253424,40.5012075818181,36.9145540511646,,,36.7378533253424
2018/1/23,1.243,37.0483724603025,40.550531858507,36.9211477854847,,,37.0483724603025
2018/1/22,1.246,37.0376910149803,40.6487499233854,37.0032478078161,,,37.0376910149803
2018/1/19,1.263,37.7302048846266,40.4603802458811,37.7967428396022,,,37.7302048846266
2018/1/18,1.279,37.7206152255981,40.3274176279219,37.7963267436197,,,37.7206152255981
2018/1/17,1.307,37.1918332789561,39.8211891903802,37.4440829996227,,,37.1918332789561
2018/1/16,1.311,38.6384992958132,39.7738707697728,38.1294188243148,,,38.6384992958132
2018/1/12,1.304,39.1473564375994,40.0537079528681,39.2700155098258,,,39.1473564375994
2018/1/11,1.307,40.6160678508309,40.0296307697834,39.2584775920079,,,40.6160678508309
2018/1/10,1.299,40.8736107607204,40.1380365610821,,,,40.8736107607204
2018/1/9,1.289,40.8821931445248,40.135381151473,,,,40.8821931445248
2018/1/8,1.284,40.9942809795511,40.148178097128,,,,40.9942809795511
2018/1/5,1.256,40.7270072725882,39.9405734765336,,,,40.7270072725882
2018/1/4,1.269,40.6685112434228,40.5391269878536,,,,40.6685112434228
2018/1/3,1.299,41.1273991534271,42.113278994264,,,,41.1273991534271
2018/1/2,1.24,41.4494326985918,41.1703986015799,,,,41.4494326985918
2017/12/29,1.261,42.1588101052741,41.351622144952,,,,42.1588101052741
2017/12/28,1.177,35.7599353105458,38.5014576374844,,,,35.7599353105458
2017/12/27,1.177,36.1267887073344,38.6416843689847,,,,36.1267887073344
2017/12/26,1.167,45.6194090791901,38.6343676349087,,,,45.6194090791901
2017/12/22,1.147,45.3970908564123,38.4961451444323,,,,45.3970908564123
2017/12/21,1.18,44.145582649941,37.697020483411,,,,44.145582649941
2017/12/20,1.223,42.1961166266925,36.3894091132423,,,,42.1961166266925
2017/12/19,1.22,42.279761240968,36.5700279555514,,,,42.279761240968
2017/12/18,1.238,41.7715853234271,37.5929069462528,,,,41.7715853234271
2017/12/15,1.238,41.7119265703962,37.8391635739885,,,,41.7119265703962
2017/12/14,1.205,41.162949483091,37.4952114707715,,,,41.162949483091
2017/12/13,1.22,41.2646941395204,38.3525899576598,,,,41.2646941395204
2017/12/12,1.197,41.0426292635358,39.8939245229263,,,,41.0426292635358
2017/12/11,1.154,39.8592880220003,39.053691932076,,,,39.8592880220003
2017/12/8,1.126,39.2829818877914,,,,,39.2829818877914
2017/12/7,1.157,37.7924429887085,,,,,37.7924429887085
2017/12/6,1.167,37.483835746522,,,,,37.483835746522
2017/12/5,1.157,39.0693280476889,,,,,39.0693280476889
2017/12/4,1.141,43.1569135307802,,,,,43.1569135307802
2017/12/1,1.124,43.4476743158074,,,,,43.4476743158074
2017/11/30,1.134,44.1896492576358,,,,,44.1896492576358
2017/11/29,1.167,43.0085269051036,,,,,43.0085269051036
2017/11/28,1.111,40.7982520007604,,,,,40.7982520007604
2017/11/27,1.141,39.3883397930771,,,,,39.3883397930771
2017/11/24,1.136,39.3873864176422,,,,,39.3873864176422
2017/11/22,1.152,38.8471672850165,,,,,38.8471672850165
2017/11/21,1.058,27.7825615596452,,,,,27.7825615596452
2017/11/20,1.055,28.1278564923916,,,,,28.1278564923916
2017/11/17,1.06,31.4832675494461,,,,,31.4832675494461
2017/11/16,1.07,31.6643643483099,,,,,31.6643643483099
2017/11/15,1.073,31.6101479907435,,,,,31.6101479907435
2017/11/14,1.058,33.7526365960475,,,,,33.7526365960475
2017/11/13,1.048,36.9393547000528,,,,,36.9393547000528
2017/11/10,1.045,36.9346355231364,,,,,36.9346355231364
2017/11/9,1.06,,,,,,
2017/11/8,1.05,,,,,,
2017/11/7,1.032,,,,,,
2017/11/6,1.025,,,,,,
2017/11/3,1.015,,,,,,
2017/11/2,1.012,,,,,,
2017/11/1,1.04,,,,,,
2017/10/31,0.979,,,,,,
2017/10/30,0.956,,,,,,
2017/10/27,0.977,,,,,,
2017/10/26,0.989,,,,,,
2017/10/25,0.999,,,,,,
2017/10/24,0.999,,,,,,
2017/10/23,0.992,,,,,,
2017/10/20,0.992,,,,,,
2017/10/19,0.984,,,,,,
2017/10/18,0.994,,,,,,
2017/10/17,0.949,,,,,,
2017/10/16,0.961,,,,,,
2017/10/13,0.951,,,,,,
2017/10/12,0.982,,,,,,
2017/10/11,1.025,,,,,,
2017/10/10,1.025,,,,,,
